{"count":1,"self":2459.4407424,"total":4691.6994269,"children":{"InitializeActuators":{"count":500,"self":0.0029698999999999997,"total":0.0029698999999999997,"children":null},"InitializeSensors":{"count":500,"self":0.0010006,"total":0.0010006,"children":null},"AgentSendState":{"count":466536,"self":12.5674,"total":51.630590899999994,"children":{"CollectObservations":{"count":4666092,"self":5.81799,"total":5.8179899,"children":null},"WriteActionMask":{"count":4666092,"self":2.6077635999999997,"total":2.6077637,"children":null},"RequestDecision":{"count":4666092,"self":9.088239999999999,"total":30.6374376,"children":{"AgentInfo.ToProto":{"count":4588300,"self":9.1273552,"total":21.5491979,"children":{"GenerateSensorData":{"count":4588300,"self":12.4218424,"total":12.4218426,"children":null}}}}}}},"DecideAction":{"count":466536,"self":2156.2714112,"total":2156.2714188,"children":null},"AgentAct":{"count":466536,"self":23.6225888,"total":23.6744548,"children":{"AgentInfo.ToProto":{"count":4569,"self":0.0149705,"total":0.0518652,"children":{"GenerateSensorData":{"count":4569,"self":0.036894699999999996,"total":0.036894699999999996,"children":null}}}}},"AgentInfo.ToProto":{"count":53639,"self":0.2860272,"total":0.6782976,"children":{"GenerateSensorData":{"count":53639,"self":0.39227039999999996,"total":0.39227039999999996,"children":null}}}},"gauges":{"Hider.CumulativeReward":{"count":33031,"max":2414.704,"min":-1.19999981,"runningAverage":68.72387,"value":43.8001022,"weightedAverage":110.830193},"Seeker.CumulativeReward":{"count":26931,"max":2,"min":-1,"runningAverage":0.7965563,"value":1,"weightedAverage":0.557129741}},"metadata":{"timer_format_version":"0.1.0","start_time_seconds":"1682270086","unity_version":"2021.3.5f1","command_line_arguments":"C:\\Program Files\\Unity\\Hub\\Editor\\2021.3.5f1\\Editor\\Unity.exe -projectpath C:\\Users\\hakdu\\OneDrive\\Documents\\GitHub\\MlAgent -useHub -hubIPC -cloudEnvironment production -licensingIpc LicenseClient-hakdu -hubSessionId 3ee08cd0-e1e4-11ed-a886-c3c907ec0194","communication_protocol_version":"1.5.0","com.unity.ml-agents_version":"2.0.1","scene_name":"FindBall","end_time_seconds":"1682274778"}}